terrain,movement_cost,defense,unit_id
castle,1,60,1
cave,1,60,1
coastal_reef,1,60,1
deep_water,1,60,1
fake_shroud,NA,0,1
flat,1,60,1
forest,1,60,1
frozen,1,60,1
fungus,2,60,1
hills,1,60,1
mountains,1,60,1
sand,1,60,1
shallow_water,1,60,1
swamp,1,60,1
unwalkable,1,60,1
village,1,50,1
castle,1,60,2
cave,1,60,2
coastal_reef,1,60,2
deep_water,1,60,2
fake_shroud,NA,0,2
flat,1,60,2
forest,1,60,2
frozen,1,60,2
fungus,2,60,2
hills,1,60,2
mountains,1,60,2
sand,1,60,2
shallow_water,1,60,2
swamp,1,60,2
unwalkable,1,60,2
village,1,50,2
castle,1,60,3
cave,1,60,3
coastal_reef,1,60,3
deep_water,1,60,3
fake_shroud,NA,0,3
flat,1,60,3
forest,1,60,3
frozen,1,60,3
fungus,2,60,3
hills,1,60,3
mountains,1,60,3
sand,1,60,3
shallow_water,1,60,3
swamp,1,60,3
unwalkable,1,60,3
village,1,50,3
castle,1,40,4
cave,3,30,4
coastal_reef,1,30,4
deep_water,2,20,4
fake_shroud,NA,0,4
flat,1,30,4
forest,1,40,4
frozen,2,20,4
fungus,2,40,4
hills,1,40,4
mountains,1,40,4
sand,1,40,4
shallow_water,1,20,4
swamp,1,30,4
unwalkable,1,40,4
village,1,40,4
castle,1,40,5
cave,3,30,5
coastal_reef,1,30,5
deep_water,2,20,5
fake_shroud,NA,0,5
flat,1,30,5
forest,1,40,5
frozen,2,20,5
fungus,2,40,5
hills,1,40,5
mountains,1,40,5
sand,1,40,5
shallow_water,1,20,5
swamp,1,30,5
unwalkable,1,40,5
village,1,40,5
castle,1,40,6
cave,3,30,6
coastal_reef,1,30,6
deep_water,2,20,6
fake_shroud,NA,0,6
flat,1,30,6
forest,1,40,6
frozen,2,20,6
fungus,2,40,6
hills,1,40,6
mountains,1,40,6
sand,1,40,6
shallow_water,1,20,6
swamp,1,30,6
unwalkable,1,40,6
village,1,40,6
castle,1,40,7
cave,3,30,7
coastal_reef,1,30,7
deep_water,2,20,7
fake_shroud,NA,0,7
flat,1,30,7
forest,1,40,7
frozen,2,20,7
fungus,2,40,7
hills,1,40,7
mountains,1,40,7
sand,1,40,7
shallow_water,1,20,7
swamp,1,30,7
unwalkable,1,40,7
village,1,40,7
castle,1,40,8
cave,3,30,8
coastal_reef,1,30,8
deep_water,2,20,8
fake_shroud,NA,0,8
flat,1,30,8
forest,1,40,8
frozen,2,20,8
fungus,2,40,8
hills,1,40,8
mountains,1,40,8
sand,1,40,8
shallow_water,1,20,8
swamp,1,30,8
unwalkable,1,40,8
village,1,40,8
castle,1,40,9
cave,3,30,9
coastal_reef,1,30,9
deep_water,2,20,9
fake_shroud,NA,0,9
flat,1,30,9
forest,1,40,9
frozen,2,20,9
fungus,2,40,9
hills,1,40,9
mountains,1,40,9
sand,1,40,9
shallow_water,1,20,9
swamp,1,30,9
unwalkable,1,40,9
village,1,40,9
castle,1,40,10
cave,2,30,10
coastal_reef,2,30,10
deep_water,NA,0,10
fake_shroud,NA,0,10
flat,1,30,10
forest,2,40,10
frozen,3,20,10
fungus,2,40,10
hills,1,40,10
mountains,1,40,10
sand,1,40,10
shallow_water,3,20,10
swamp,3,20,10
unwalkable,NA,0,10
village,1,40,10
castle,1,40,11
cave,2,30,11
coastal_reef,2,30,11
deep_water,NA,0,11
fake_shroud,NA,0,11
flat,1,30,11
forest,2,40,11
frozen,3,20,11
fungus,2,40,11
hills,1,40,11
mountains,1,40,11
sand,1,40,11
shallow_water,3,20,11
swamp,3,20,11
unwalkable,NA,0,11
village,1,40,11
castle,1,40,12
cave,2,30,12
coastal_reef,2,30,12
deep_water,NA,0,12
fake_shroud,NA,0,12
flat,1,30,12
forest,2,40,12
frozen,3,20,12
fungus,2,40,12
hills,1,40,12
mountains,1,40,12
sand,1,40,12
shallow_water,3,20,12
swamp,3,20,12
unwalkable,NA,0,12
village,1,40,12
castle,1,40,13
cave,2,30,13
coastal_reef,2,30,13
deep_water,NA,0,13
fake_shroud,NA,0,13
flat,1,30,13
forest,2,40,13
frozen,3,20,13
fungus,2,40,13
hills,1,40,13
mountains,1,40,13
sand,1,40,13
shallow_water,3,20,13
swamp,3,20,13
unwalkable,NA,0,13
village,1,40,13
castle,1,40,14
cave,2,30,14
coastal_reef,2,30,14
deep_water,NA,0,14
fake_shroud,NA,0,14
flat,1,30,14
forest,2,40,14
frozen,3,20,14
fungus,2,40,14
hills,1,40,14
mountains,1,40,14
sand,1,40,14
shallow_water,3,20,14
swamp,3,20,14
unwalkable,NA,0,14
village,1,40,14
castle,1,40,15
cave,3,30,15
coastal_reef,1,30,15
deep_water,2,20,15
fake_shroud,NA,0,15
flat,1,30,15
forest,1,40,15
frozen,2,20,15
fungus,2,40,15
hills,1,40,15
mountains,1,40,15
sand,1,40,15
shallow_water,1,20,15
swamp,1,30,15
unwalkable,1,40,15
village,1,40,15
castle,1,40,16
cave,3,30,16
coastal_reef,1,30,16
deep_water,2,20,16
fake_shroud,NA,0,16
flat,1,30,16
forest,1,40,16
frozen,2,20,16
fungus,2,40,16
hills,1,40,16
mountains,1,40,16
sand,1,40,16
shallow_water,1,20,16
swamp,1,30,16
unwalkable,1,40,16
village,1,40,16
castle,1,40,17
cave,3,30,17
coastal_reef,1,30,17
deep_water,2,20,17
fake_shroud,NA,0,17
flat,1,30,17
forest,1,40,17
frozen,2,20,17
fungus,2,40,17
hills,1,40,17
mountains,1,40,17
sand,1,40,17
shallow_water,1,20,17
swamp,1,30,17
unwalkable,1,40,17
village,1,40,17
castle,1,40,18
cave,3,30,18
coastal_reef,1,40,18
deep_water,2,40,18
fake_shroud,NA,0,18
flat,1,40,18
forest,1,40,18
frozen,2,40,18
fungus,2,40,18
hills,1,40,18
mountains,1,40,18
sand,1,40,18
shallow_water,1,40,18
swamp,1,40,18
unwalkable,1,40,18
village,1,40,18
castle,1,50,19
cave,3,30,19
coastal_reef,1,50,19
deep_water,1,50,19
fake_shroud,NA,0,19
flat,1,50,19
forest,1,50,19
frozen,1,50,19
fungus,2,40,19
hills,1,50,19
mountains,1,50,19
sand,1,50,19
shallow_water,1,50,19
swamp,1,50,19
unwalkable,1,50,19
village,1,50,19
castle,1,50,20
cave,3,30,20
coastal_reef,1,50,20
deep_water,1,50,20
fake_shroud,NA,0,20
flat,1,50,20
forest,1,50,20
frozen,1,50,20
fungus,2,40,20
hills,1,50,20
mountains,1,50,20
sand,1,50,20
shallow_water,1,50,20
swamp,1,50,20
unwalkable,1,50,20
village,1,50,20
castle,1,60,21
cave,2,40,21
coastal_reef,2,30,21
deep_water,NA,0,21
fake_shroud,NA,0,21
flat,1,40,21
forest,2,40,21
frozen,3,20,21
fungus,2,40,21
hills,2,60,21
mountains,2,60,21
sand,1,50,21
shallow_water,3,20,21
swamp,2,30,21
unwalkable,NA,0,21
village,1,60,21
castle,1,60,22
cave,2,40,22
coastal_reef,2,30,22
deep_water,NA,0,22
fake_shroud,NA,0,22
flat,1,40,22
forest,2,40,22
frozen,3,20,22
fungus,2,40,22
hills,2,60,22
mountains,2,60,22
sand,1,50,22
shallow_water,3,20,22
swamp,2,30,22
unwalkable,NA,0,22
village,1,60,22
castle,1,60,23
cave,2,40,23
coastal_reef,2,30,23
deep_water,NA,0,23
fake_shroud,NA,0,23
flat,1,40,23
forest,2,40,23
frozen,3,20,23
fungus,2,40,23
hills,2,60,23
mountains,2,60,23
sand,1,50,23
shallow_water,3,20,23
swamp,2,30,23
unwalkable,NA,0,23
village,1,60,23
castle,1,60,24
cave,2,40,24
coastal_reef,2,30,24
deep_water,NA,0,24
fake_shroud,NA,0,24
flat,1,40,24
forest,2,40,24
frozen,3,20,24
fungus,2,40,24
hills,2,60,24
mountains,2,60,24
sand,1,50,24
shallow_water,3,20,24
swamp,2,30,24
unwalkable,NA,0,24
village,1,60,24
castle,1,60,25
cave,2,40,25
coastal_reef,2,30,25
deep_water,NA,0,25
fake_shroud,NA,0,25
flat,1,40,25
forest,2,40,25
frozen,3,20,25
fungus,2,40,25
hills,2,60,25
mountains,2,60,25
sand,1,50,25
shallow_water,3,20,25
swamp,2,30,25
unwalkable,NA,0,25
village,1,60,25
castle,1,50,26
cave,4,20,26
coastal_reef,3,30,26
deep_water,NA,0,26
fake_shroud,NA,0,26
flat,1,40,26
forest,3,40,26
frozen,2,30,26
fungus,4,20,26
hills,2,50,26
mountains,NA,0,26
sand,1,50,26
shallow_water,4,20,26
swamp,4,20,26
unwalkable,NA,0,26
village,1,40,26
castle,1,40,27
castle,1,40,32
cave,4,20,27
cave,4,20,32
coastal_reef,3,30,27
coastal_reef,3,30,32
deep_water,NA,0,27
deep_water,NA,0,32
fake_shroud,NA,0,27
fake_shroud,NA,0,32
flat,1,40,27
flat,1,40,32
forest,3,40,27
forest,3,40,32
frozen,2,30,27
frozen,2,30,32
fungus,4,20,27
fungus,4,20,32
hills,2,50,27
hills,2,50,32
mountains,4,40,27
mountains,4,40,32
sand,1,50,27
sand,1,50,32
shallow_water,4,20,27
shallow_water,4,20,32
swamp,4,20,27
swamp,4,20,32
unwalkable,NA,0,27
unwalkable,NA,0,32
village,1,40,27
village,1,40,32
castle,1,50,28
castle,1,50,33
cave,4,20,28
cave,4,20,33
coastal_reef,3,30,28
coastal_reef,3,30,33
deep_water,NA,0,28
deep_water,NA,0,33
fake_shroud,NA,0,28
fake_shroud,NA,0,33
flat,1,40,28
flat,1,40,33
forest,3,40,28
forest,3,40,33
frozen,2,30,28
frozen,2,30,33
fungus,4,20,28
fungus,4,20,33
hills,2,50,28
hills,2,50,33
mountains,4,40,28
mountains,4,40,33
sand,1,50,28
sand,1,50,33
shallow_water,4,20,28
shallow_water,4,20,33
swamp,4,20,28
swamp,4,20,33
unwalkable,NA,0,28
unwalkable,NA,0,33
village,1,40,28
village,1,40,33
castle,1,50,29
cave,4,20,29
coastal_reef,3,30,29
deep_water,NA,0,29
fake_shroud,NA,0,29
flat,1,40,29
forest,3,40,29
frozen,2,30,29
fungus,4,20,29
hills,2,50,29
mountains,NA,0,29
sand,1,50,29
shallow_water,4,20,29
swamp,4,20,29
unwalkable,NA,0,29
village,1,40,29
castle,1,50,30
cave,4,20,30
coastal_reef,3,30,30
deep_water,NA,0,30
fake_shroud,NA,0,30
flat,1,40,30
forest,3,40,30
frozen,2,30,30
fungus,4,20,30
hills,2,50,30
mountains,NA,0,30
sand,1,50,30
shallow_water,4,20,30
swamp,4,20,30
unwalkable,NA,0,30
village,1,40,30
castle,1,40,31
cave,4,20,31
coastal_reef,3,30,31
deep_water,NA,0,31
fake_shroud,NA,0,31
flat,1,40,31
forest,3,40,31
frozen,2,30,31
fungus,4,20,31
hills,2,60,31
mountains,4,40,31
sand,1,50,31
shallow_water,4,20,31
swamp,4,20,31
unwalkable,NA,0,31
village,1,40,31
castle,1,40,27
castle,1,40,32
cave,4,20,27
cave,4,20,32
coastal_reef,3,30,27
coastal_reef,3,30,32
deep_water,NA,0,27
deep_water,NA,0,32
fake_shroud,NA,0,27
fake_shroud,NA,0,32
flat,1,40,27
flat,1,40,32
forest,3,40,27
forest,3,40,32
frozen,2,30,27
frozen,2,30,32
fungus,4,20,27
fungus,4,20,32
hills,2,50,27
hills,2,50,32
mountains,4,40,27
mountains,4,40,32
sand,1,50,27
sand,1,50,32
shallow_water,4,20,27
shallow_water,4,20,32
swamp,4,20,27
swamp,4,20,32
unwalkable,NA,0,27
unwalkable,NA,0,32
village,1,40,27
village,1,40,32
castle,1,50,28
castle,1,50,33
cave,4,20,28
cave,4,20,33
coastal_reef,3,30,28
coastal_reef,3,30,33
deep_water,NA,0,28
deep_water,NA,0,33
fake_shroud,NA,0,28
fake_shroud,NA,0,33
flat,1,40,28
flat,1,40,33
forest,3,40,28
forest,3,40,33
frozen,2,30,28
frozen,2,30,33
fungus,4,20,28
fungus,4,20,33
hills,2,50,28
hills,2,50,33
mountains,4,40,28
mountains,4,40,33
sand,1,50,28
sand,1,50,33
shallow_water,4,20,28
shallow_water,4,20,33
swamp,4,20,28
swamp,4,20,33
unwalkable,NA,0,28
unwalkable,NA,0,33
village,1,40,28
village,1,40,33
castle,1,40,34
cave,4,20,34
coastal_reef,3,30,34
deep_water,NA,0,34
fake_shroud,NA,0,34
flat,1,40,34
forest,3,40,34
frozen,2,30,34
fungus,4,20,34
hills,2,60,34
mountains,4,40,34
sand,1,50,34
shallow_water,4,20,34
swamp,4,20,34
unwalkable,NA,0,34
village,1,40,34
castle,1,40,35
cave,4,20,35
coastal_reef,3,30,35
deep_water,NA,0,35
fake_shroud,NA,0,35
flat,1,40,35
forest,3,40,35
frozen,2,30,35
fungus,4,20,35
hills,2,60,35
mountains,4,40,35
sand,1,50,35
shallow_water,4,20,35
swamp,4,20,35
unwalkable,NA,0,35
village,1,40,35
castle,1,60,36
cave,2,40,36
coastal_reef,2,30,36
deep_water,NA,0,36
fake_shroud,NA,0,36
flat,1,40,36
forest,2,40,36
frozen,3,20,36
fungus,2,40,36
hills,2,60,36
mountains,2,60,36
sand,1,50,36
shallow_water,3,20,36
swamp,2,30,36
unwalkable,NA,0,36
village,1,60,36
castle,1,60,37
cave,2,40,37
coastal_reef,2,30,37
deep_water,NA,0,37
fake_shroud,NA,0,37
flat,1,40,37
forest,2,40,37
frozen,3,20,37
fungus,2,40,37
hills,2,60,37
mountains,2,60,37
sand,1,50,37
shallow_water,3,20,37
swamp,2,30,37
unwalkable,NA,0,37
village,1,60,37
castle,1,60,38
cave,2,40,38
coastal_reef,2,30,38
deep_water,NA,0,38
fake_shroud,NA,0,38
flat,1,40,38
forest,2,40,38
frozen,3,20,38
fungus,2,40,38
hills,2,60,38
mountains,2,60,38
sand,1,50,38
shallow_water,3,20,38
swamp,2,30,38
unwalkable,NA,0,38
village,1,60,38
castle,1,60,39
cave,2,40,39
coastal_reef,2,30,39
deep_water,NA,0,39
fake_shroud,NA,0,39
flat,1,40,39
forest,2,40,39
frozen,3,20,39
fungus,2,40,39
hills,2,60,39
mountains,2,60,39
sand,1,50,39
shallow_water,3,20,39
swamp,2,30,39
unwalkable,NA,0,39
village,1,60,39
castle,1,60,40
cave,2,40,40
coastal_reef,2,30,40
deep_water,NA,0,40
fake_shroud,NA,0,40
flat,1,40,40
forest,2,40,40
frozen,3,20,40
fungus,2,40,40
hills,2,60,40
mountains,2,60,40
sand,1,50,40
shallow_water,3,20,40
swamp,2,30,40
unwalkable,NA,0,40
village,1,60,40
castle,1,60,41
cave,2,40,41
coastal_reef,2,30,41
deep_water,NA,0,41
fake_shroud,NA,0,41
flat,1,40,41
forest,2,40,41
frozen,3,20,41
fungus,2,40,41
hills,2,60,41
mountains,3,40,41
sand,1,50,41
shallow_water,3,20,41
swamp,3,30,41
unwalkable,NA,0,41
village,1,50,41
castle,1,60,42
cave,2,40,42
coastal_reef,2,30,42
deep_water,NA,0,42
fake_shroud,NA,0,42
flat,1,40,42
forest,2,40,42
frozen,3,20,42
fungus,2,40,42
hills,2,60,42
mountains,3,40,42
sand,1,50,42
shallow_water,3,20,42
swamp,3,30,42
unwalkable,NA,0,42
village,1,50,42
castle,1,60,43
cave,2,40,43
coastal_reef,2,30,43
deep_water,NA,0,43
fake_shroud,NA,0,43
flat,1,40,43
forest,2,40,43
frozen,3,20,43
fungus,2,40,43
hills,2,60,43
mountains,3,40,43
sand,1,50,43
shallow_water,3,20,43
swamp,3,30,43
unwalkable,NA,0,43
village,1,50,43
castle,1,60,44
cave,2,40,44
coastal_reef,2,30,44
deep_water,NA,0,44
fake_shroud,NA,0,44
flat,1,40,44
forest,2,40,44
frozen,3,20,44
fungus,2,40,44
hills,2,60,44
mountains,3,40,44
sand,1,50,44
shallow_water,3,20,44
swamp,3,30,44
unwalkable,NA,0,44
village,1,50,44
castle,1,60,45
cave,2,40,45
coastal_reef,2,30,45
deep_water,NA,0,45
fake_shroud,NA,0,45
flat,1,40,45
forest,2,40,45
frozen,3,20,45
fungus,2,40,45
hills,2,60,45
mountains,3,40,45
sand,1,50,45
shallow_water,3,20,45
swamp,3,30,45
unwalkable,NA,0,45
village,1,50,45
castle,1,60,46
cave,2,40,46
coastal_reef,2,30,46
deep_water,NA,0,46
fake_shroud,NA,0,46
flat,1,40,46
forest,2,40,46
frozen,3,20,46
fungus,2,40,46
hills,2,60,46
mountains,3,40,46
sand,1,50,46
shallow_water,3,20,46
swamp,3,30,46
unwalkable,NA,0,46
village,1,50,46
castle,1,60,47
cave,1,50,47
coastal_reef,2,30,47
deep_water,NA,0,47
fake_shroud,NA,0,47
flat,1,30,47
forest,1,30,47
frozen,2,30,47
fungus,1,40,47
hills,1,60,47
mountains,1,70,47
sand,1,30,47
shallow_water,3,20,47
swamp,3,20,47
unwalkable,NA,0,47
village,1,50,47
castle,1,60,48
cave,1,50,48
coastal_reef,2,30,48
deep_water,NA,0,48
fake_shroud,NA,0,48
flat,1,30,48
forest,1,30,48
frozen,2,30,48
fungus,1,40,48
hills,1,60,48
mountains,1,70,48
sand,1,30,48
shallow_water,3,20,48
swamp,3,20,48
unwalkable,NA,0,48
village,1,50,48
castle,1,60,49
cave,1,50,49
coastal_reef,2,30,49
deep_water,NA,0,49
fake_shroud,NA,0,49
flat,1,30,49
forest,1,30,49
frozen,2,30,49
fungus,1,40,49
hills,1,60,49
mountains,1,70,49
sand,1,30,49
shallow_water,3,20,49
swamp,3,20,49
unwalkable,NA,0,49
village,1,50,49
castle,1,60,50
cave,1,50,50
coastal_reef,2,30,50
deep_water,NA,0,50
fake_shroud,NA,0,50
flat,1,30,50
forest,1,30,50
frozen,2,30,50
fungus,1,40,50
hills,1,60,50
mountains,1,70,50
sand,1,30,50
shallow_water,3,20,50
swamp,3,20,50
unwalkable,NA,0,50
village,1,50,50
castle,1,60,51
cave,1,50,51
coastal_reef,2,30,51
deep_water,NA,0,51
fake_shroud,NA,0,51
flat,1,30,51
forest,1,30,51
frozen,2,30,51
fungus,1,40,51
hills,1,50,51
mountains,1,60,51
sand,1,30,51
shallow_water,3,20,51
swamp,3,20,51
unwalkable,NA,0,51
village,1,50,51
castle,1,60,52
cave,1,50,52
coastal_reef,2,30,52
deep_water,NA,0,52
fake_shroud,NA,0,52
flat,1,40,52
forest,1,40,52
frozen,2,30,52
fungus,1,40,52
hills,1,50,52
mountains,1,60,52
sand,1,40,52
shallow_water,3,20,52
swamp,3,20,52
unwalkable,NA,0,52
village,1,50,52
castle,1,60,53
cave,1,50,53
coastal_reef,2,30,53
deep_water,NA,0,53
fake_shroud,NA,0,53
flat,1,40,53
forest,1,40,53
frozen,2,30,53
fungus,1,40,53
hills,1,50,53
mountains,1,60,53
sand,1,40,53
shallow_water,3,20,53
swamp,3,20,53
unwalkable,NA,0,53
village,1,50,53
castle,1,60,54
cave,1,50,54
coastal_reef,2,30,54
deep_water,NA,0,54
fake_shroud,NA,0,54
flat,1,30,54
forest,1,30,54
frozen,2,30,54
fungus,1,40,54
hills,1,60,54
mountains,1,70,54
sand,1,30,54
shallow_water,3,20,54
swamp,3,20,54
unwalkable,NA,0,54
village,1,50,54
castle,1,60,55
cave,1,50,55
coastal_reef,2,30,55
deep_water,NA,0,55
fake_shroud,NA,0,55
flat,1,30,55
forest,1,30,55
frozen,2,30,55
fungus,1,40,55
hills,1,60,55
mountains,1,70,55
sand,1,30,55
shallow_water,3,20,55
swamp,3,20,55
unwalkable,NA,0,55
village,1,50,55
castle,1,60,56
cave,1,50,56
coastal_reef,2,30,56
deep_water,NA,0,56
fake_shroud,NA,0,56
flat,1,30,56
forest,1,30,56
frozen,2,30,56
fungus,1,40,56
hills,1,60,56
mountains,1,70,56
sand,1,30,56
shallow_water,3,20,56
swamp,3,20,56
unwalkable,NA,0,56
village,1,50,56
castle,1,60,57
cave,1,50,57
coastal_reef,2,30,57
deep_water,NA,0,57
fake_shroud,NA,0,57
flat,1,30,57
forest,1,30,57
frozen,2,30,57
fungus,1,40,57
hills,1,60,57
mountains,1,70,57
sand,1,30,57
shallow_water,3,20,57
swamp,3,20,57
unwalkable,NA,0,57
village,1,50,57
castle,1,60,58
cave,1,50,58
coastal_reef,2,30,58
deep_water,NA,0,58
fake_shroud,NA,0,58
flat,1,30,58
forest,1,30,58
frozen,2,30,58
fungus,1,40,58
hills,1,60,58
mountains,1,70,58
sand,1,30,58
shallow_water,3,20,58
swamp,3,20,58
unwalkable,NA,0,58
village,1,50,58
castle,1,60,59
cave,1,50,59
coastal_reef,2,30,59
deep_water,NA,0,59
fake_shroud,NA,0,59
flat,1,30,59
forest,1,30,59
frozen,2,30,59
fungus,1,40,59
hills,1,60,59
mountains,1,70,59
sand,1,30,59
shallow_water,3,20,59
swamp,3,20,59
unwalkable,NA,0,59
village,1,50,59
castle,1,60,60
cave,1,50,60
coastal_reef,2,30,60
deep_water,NA,0,60
fake_shroud,NA,0,60
flat,1,30,60
forest,1,30,60
frozen,2,30,60
fungus,1,40,60
hills,1,60,60
mountains,1,70,60
sand,1,30,60
shallow_water,3,20,60
swamp,3,20,60
unwalkable,NA,0,60
village,1,50,60
castle,1,60,61
cave,1,50,61
coastal_reef,2,30,61
deep_water,NA,0,61
fake_shroud,NA,0,61
flat,1,30,61
forest,1,30,61
frozen,2,30,61
fungus,1,40,61
hills,1,60,61
mountains,1,70,61
sand,1,30,61
shallow_water,3,20,61
swamp,3,20,61
unwalkable,NA,0,61
village,1,50,61
castle,1,40,62
cave,1,40,62
coastal_reef,2,30,62
deep_water,NA,0,62
fake_shroud,NA,0,62
flat,1,30,62
forest,1,30,62
frozen,2,30,62
fungus,1,40,62
hills,1,40,62
mountains,1,50,62
sand,1,30,62
shallow_water,3,20,62
swamp,3,20,62
unwalkable,NA,0,62
village,1,40,62
castle,1,40,63
cave,1,40,63
coastal_reef,2,30,63
deep_water,NA,0,63
fake_shroud,NA,0,63
flat,1,30,63
forest,1,30,63
frozen,2,30,63
fungus,1,40,63
hills,1,40,63
mountains,1,50,63
sand,1,30,63
shallow_water,3,20,63
swamp,3,20,63
unwalkable,NA,0,63
village,1,40,63
castle,1,60,64
cave,3,30,64
coastal_reef,2,30,64
deep_water,NA,0,64
fake_shroud,NA,0,64
flat,1,40,64
forest,1,70,64
frozen,2,30,64
fungus,2,50,64
hills,2,50,64
mountains,3,60,64
sand,2,30,64
shallow_water,3,20,64
swamp,2,30,64
unwalkable,NA,0,64
village,1,60,64
castle,1,60,65
cave,3,30,65
coastal_reef,2,30,65
deep_water,NA,0,65
fake_shroud,NA,0,65
flat,1,40,65
forest,1,70,65
frozen,2,30,65
fungus,2,50,65
hills,2,50,65
mountains,3,60,65
sand,2,30,65
shallow_water,3,20,65
swamp,2,30,65
unwalkable,NA,0,65
village,1,60,65
castle,1,60,66
cave,3,30,66
coastal_reef,2,30,66
deep_water,NA,0,66
fake_shroud,NA,0,66
flat,1,40,66
forest,1,70,66
frozen,2,30,66
fungus,2,50,66
hills,2,50,66
mountains,3,60,66
sand,2,30,66
shallow_water,3,20,66
swamp,2,30,66
unwalkable,NA,0,66
village,1,60,66
castle,1,60,67
cave,3,30,67
coastal_reef,2,30,67
deep_water,NA,0,67
fake_shroud,NA,0,67
flat,1,40,67
forest,1,70,67
frozen,2,30,67
fungus,2,50,67
hills,2,50,67
mountains,2,60,67
sand,2,40,67
shallow_water,2,30,67
swamp,2,40,67
unwalkable,NA,0,67
village,1,60,67
castle,1,60,68
cave,3,30,68
coastal_reef,2,30,68
deep_water,NA,0,68
fake_shroud,NA,0,68
flat,1,40,68
forest,1,70,68
frozen,2,30,68
fungus,2,50,68
hills,2,50,68
mountains,2,60,68
sand,2,40,68
shallow_water,2,30,68
swamp,2,40,68
unwalkable,NA,0,68
village,1,60,68
castle,1,60,69
cave,3,30,69
coastal_reef,2,30,69
deep_water,NA,0,69
fake_shroud,NA,0,69
flat,1,40,69
forest,1,60,69
frozen,2,30,69
fungus,2,50,69
hills,2,50,69
mountains,3,60,69
sand,2,30,69
shallow_water,3,20,69
swamp,2,30,69
unwalkable,NA,0,69
village,1,60,69
castle,1,60,70
cave,3,30,70
coastal_reef,2,30,70
deep_water,NA,0,70
fake_shroud,NA,0,70
flat,1,40,70
forest,1,60,70
frozen,2,30,70
fungus,2,50,70
hills,2,50,70
mountains,3,60,70
sand,2,30,70
shallow_water,3,20,70
swamp,2,30,70
unwalkable,NA,0,70
village,1,60,70
castle,1,60,71
cave,3,30,71
coastal_reef,2,30,71
deep_water,NA,0,71
fake_shroud,NA,0,71
flat,1,40,71
forest,1,60,71
frozen,2,30,71
fungus,2,50,71
hills,2,50,71
mountains,3,60,71
sand,2,30,71
shallow_water,3,20,71
swamp,2,30,71
unwalkable,NA,0,71
village,1,60,71
castle,1,60,72
cave,3,30,72
coastal_reef,2,30,72
deep_water,NA,0,72
fake_shroud,NA,0,72
flat,1,40,72
forest,1,60,72
frozen,2,30,72
fungus,2,50,72
hills,2,50,72
mountains,3,60,72
sand,2,30,72
shallow_water,3,20,72
swamp,2,30,72
unwalkable,NA,0,72
village,1,60,72
castle,1,60,73
cave,3,30,73
coastal_reef,2,30,73
deep_water,NA,0,73
fake_shroud,NA,0,73
flat,1,40,73
forest,1,60,73
frozen,2,30,73
fungus,2,50,73
hills,2,50,73
mountains,3,60,73
sand,2,30,73
shallow_water,3,20,73
swamp,2,30,73
unwalkable,NA,0,73
village,1,60,73
castle,1,60,74
cave,3,30,74
coastal_reef,2,30,74
deep_water,NA,0,74
fake_shroud,NA,0,74
flat,1,40,74
forest,1,70,74
frozen,2,30,74
fungus,2,50,74
hills,2,50,74
mountains,3,60,74
sand,2,30,74
shallow_water,3,20,74
swamp,2,30,74
unwalkable,NA,0,74
village,1,60,74
castle,1,60,75
cave,3,30,75
coastal_reef,2,30,75
deep_water,NA,0,75
fake_shroud,NA,0,75
flat,1,40,75
forest,1,70,75
frozen,2,30,75
fungus,2,50,75
hills,2,50,75
mountains,3,60,75
sand,2,30,75
shallow_water,3,20,75
swamp,2,30,75
unwalkable,NA,0,75
village,1,60,75
castle,1,60,76
cave,3,30,76
coastal_reef,2,30,76
deep_water,NA,0,76
fake_shroud,NA,0,76
flat,1,40,76
forest,1,70,76
frozen,2,30,76
fungus,2,50,76
hills,2,50,76
mountains,3,60,76
sand,2,30,76
shallow_water,3,20,76
swamp,2,30,76
unwalkable,NA,0,76
village,1,60,76
castle,1,60,77
cave,3,30,77
coastal_reef,2,30,77
deep_water,NA,0,77
fake_shroud,NA,0,77
flat,1,40,77
forest,1,60,77
frozen,2,30,77
fungus,2,50,77
hills,2,50,77
mountains,3,60,77
sand,2,30,77
shallow_water,3,20,77
swamp,2,30,77
unwalkable,NA,0,77
village,1,40,77
castle,1,60,78
cave,3,30,78
coastal_reef,2,30,78
deep_water,NA,0,78
fake_shroud,NA,0,78
flat,1,40,78
forest,1,60,78
frozen,2,30,78
fungus,2,50,78
hills,2,50,78
mountains,3,60,78
sand,2,30,78
shallow_water,3,20,78
swamp,2,30,78
unwalkable,NA,0,78
village,1,50,78
castle,1,60,79
cave,3,30,79
coastal_reef,2,30,79
deep_water,NA,0,79
fake_shroud,NA,0,79
flat,1,40,79
forest,1,60,79
frozen,2,30,79
fungus,2,50,79
hills,2,50,79
mountains,3,60,79
sand,2,30,79
shallow_water,3,20,79
swamp,2,30,79
unwalkable,NA,0,79
village,1,60,79
castle,1,60,80
cave,3,30,80
coastal_reef,2,30,80
deep_water,NA,0,80
fake_shroud,NA,0,80
flat,1,40,80
forest,1,70,80
frozen,2,30,80
fungus,2,50,80
hills,2,50,80
mountains,3,60,80
sand,2,30,80
shallow_water,3,20,80
swamp,2,30,80
unwalkable,NA,0,80
village,1,60,80
castle,1,60,81
cave,3,30,81
coastal_reef,2,30,81
deep_water,NA,0,81
fake_shroud,NA,0,81
flat,1,40,81
forest,1,70,81
frozen,2,30,81
fungus,2,50,81
hills,2,50,81
mountains,3,60,81
sand,2,30,81
shallow_water,3,20,81
swamp,2,30,81
unwalkable,NA,0,81
village,1,60,81
castle,1,60,82
cave,2,30,82
coastal_reef,1,50,82
deep_water,2,30,82
fake_shroud,NA,0,82
flat,1,50,82
forest,1,70,82
frozen,1,40,82
fungus,2,50,82
hills,1,50,82
mountains,2,60,82
sand,1,40,82
shallow_water,1,40,82
swamp,1,40,82
unwalkable,NA,0,82
village,1,60,82
castle,1,60,83
cave,3,30,83
coastal_reef,2,30,83
deep_water,NA,0,83
fake_shroud,NA,0,83
flat,1,40,83
forest,1,70,83
frozen,2,30,83
fungus,2,50,83
hills,2,50,83
mountains,3,60,83
sand,2,30,83
shallow_water,3,20,83
swamp,2,30,83
unwalkable,NA,0,83
village,1,60,83
castle,1,60,84
cave,3,30,84
coastal_reef,2,30,84
deep_water,NA,0,84
fake_shroud,NA,0,84
flat,1,40,84
forest,1,70,84
frozen,2,30,84
fungus,2,50,84
hills,2,50,84
mountains,3,60,84
sand,2,30,84
shallow_water,3,20,84
swamp,2,30,84
unwalkable,NA,0,84
village,1,60,84
castle,1,60,85
cave,2,30,85
coastal_reef,1,50,85
deep_water,2,30,85
fake_shroud,NA,0,85
flat,1,50,85
forest,1,70,85
frozen,1,40,85
fungus,2,50,85
hills,1,50,85
mountains,2,60,85
sand,1,40,85
shallow_water,1,40,85
swamp,1,40,85
unwalkable,NA,0,85
village,1,60,85
castle,1,60,86
cave,3,30,86
coastal_reef,1,60,86
deep_water,1,60,86
fake_shroud,NA,0,86
flat,1,60,86
forest,1,60,86
frozen,1,60,86
fungus,3,30,86
hills,1,60,86
mountains,1,60,86
sand,1,60,86
shallow_water,1,60,86
swamp,1,60,86
unwalkable,1,60,86
village,1,50,86
castle,1,60,87
cave,3,30,87
coastal_reef,1,60,87
deep_water,1,60,87
fake_shroud,NA,0,87
flat,1,60,87
forest,1,60,87
frozen,1,60,87
fungus,3,30,87
hills,1,60,87
mountains,1,60,87
sand,1,60,87
shallow_water,1,60,87
swamp,1,60,87
unwalkable,1,60,87
village,1,50,87
castle,1,60,88
cave,2,40,88
coastal_reef,2,30,88
deep_water,NA,0,88
fake_shroud,NA,0,88
flat,1,40,88
forest,2,50,88
frozen,2,20,88
fungus,3,40,88
hills,1,50,88
mountains,2,60,88
sand,2,30,88
shallow_water,3,20,88
swamp,3,30,88
unwalkable,NA,0,88
village,1,60,88
castle,1,60,89
cave,2,40,89
coastal_reef,2,30,89
deep_water,NA,0,89
fake_shroud,NA,0,89
flat,1,40,89
forest,2,50,89
frozen,2,20,89
fungus,3,40,89
hills,1,50,89
mountains,2,60,89
sand,2,30,89
shallow_water,3,20,89
swamp,3,30,89
unwalkable,NA,0,89
village,1,60,89
castle,1,60,90
cave,2,40,90
coastal_reef,2,30,90
deep_water,NA,0,90
fake_shroud,NA,0,90
flat,1,40,90
forest,2,50,90
frozen,2,20,90
fungus,3,40,90
hills,1,50,90
mountains,2,60,90
sand,2,30,90
shallow_water,3,20,90
swamp,3,30,90
unwalkable,NA,0,90
village,1,60,90
castle,1,50,91
cave,3,20,91
coastal_reef,1,50,91
deep_water,1,50,91
fake_shroud,NA,0,91
flat,1,50,91
forest,1,50,91
frozen,1,50,91
fungus,3,30,91
hills,1,50,91
mountains,1,60,91
sand,1,50,91
shallow_water,1,50,91
swamp,1,50,91
unwalkable,1,50,91
village,1,50,91
castle,1,50,92
cave,3,20,92
coastal_reef,1,50,92
deep_water,1,50,92
fake_shroud,NA,0,92
flat,1,50,92
forest,1,50,92
frozen,1,50,92
fungus,3,30,92
hills,1,50,92
mountains,1,60,92
sand,1,50,92
shallow_water,1,50,92
swamp,1,50,92
unwalkable,1,50,92
village,1,50,92
castle,1,50,93
cave,3,20,93
coastal_reef,1,50,93
deep_water,1,50,93
fake_shroud,NA,0,93
flat,1,50,93
forest,1,50,93
frozen,1,50,93
fungus,3,30,93
hills,1,50,93
mountains,1,60,93
sand,1,50,93
shallow_water,1,50,93
swamp,1,50,93
unwalkable,1,50,93
village,1,50,93
castle,1,40,94
cave,4,20,94
coastal_reef,3,30,94
deep_water,NA,0,94
fake_shroud,NA,0,94
flat,1,40,94
forest,3,30,94
frozen,2,30,94
fungus,4,20,94
hills,2,40,94
mountains,NA,0,94
sand,2,30,94
shallow_water,4,20,94
swamp,4,20,94
unwalkable,NA,0,94
village,1,40,94
castle,1,40,95
cave,4,20,95
coastal_reef,3,30,95
deep_water,NA,0,95
fake_shroud,NA,0,95
flat,1,40,95
forest,3,30,95
frozen,2,30,95
fungus,4,20,95
hills,2,40,95
mountains,NA,0,95
sand,2,30,95
shallow_water,4,20,95
swamp,4,20,95
unwalkable,NA,0,95
village,1,40,95
castle,1,40,96
cave,4,20,96
coastal_reef,3,30,96
deep_water,NA,0,96
fake_shroud,NA,0,96
flat,1,40,96
forest,3,30,96
frozen,2,30,96
fungus,4,20,96
hills,2,40,96
mountains,NA,0,96
sand,2,30,96
shallow_water,4,20,96
swamp,4,20,96
unwalkable,NA,0,96
village,1,40,96
castle,1,60,97
cave,2,40,97
coastal_reef,2,30,97
deep_water,NA,0,97
fake_shroud,NA,0,97
flat,1,40,97
forest,2,50,97
frozen,3,20,97
fungus,2,50,97
hills,2,50,97
mountains,3,60,97
sand,2,30,97
shallow_water,3,20,97
swamp,3,20,97
unwalkable,NA,0,97
village,1,60,97
castle,1,60,98
cave,2,40,98
coastal_reef,2,30,98
deep_water,NA,0,98
fake_shroud,NA,0,98
flat,1,40,98
forest,2,50,98
frozen,3,20,98
fungus,2,50,98
hills,2,50,98
mountains,3,60,98
sand,2,30,98
shallow_water,3,20,98
swamp,3,20,98
unwalkable,NA,0,98
village,1,60,98
castle,1,60,99
cave,2,40,99
coastal_reef,2,30,99
deep_water,3,10,99
fake_shroud,NA,0,99
flat,1,40,99
forest,2,50,99
frozen,2,30,99
fungus,2,60,99
hills,2,50,99
mountains,3,60,99
sand,2,30,99
shallow_water,3,20,99
swamp,2,30,99
unwalkable,NA,0,99
village,1,60,99
castle,1,60,100
cave,2,40,100
coastal_reef,2,30,100
deep_water,NA,0,100
fake_shroud,NA,0,100
flat,1,40,100
forest,2,50,100
frozen,3,20,100
fungus,2,50,100
hills,2,50,100
mountains,3,60,100
sand,2,30,100
shallow_water,3,20,100
swamp,3,20,100
unwalkable,NA,0,100
village,1,60,100
castle,1,60,101
cave,2,40,101
coastal_reef,2,30,101
deep_water,NA,0,101
fake_shroud,NA,0,101
flat,1,40,101
forest,2,50,101
frozen,3,20,101
fungus,2,50,101
hills,2,50,101
mountains,3,60,101
sand,2,30,101
shallow_water,3,20,101
swamp,3,20,101
unwalkable,NA,0,101
village,1,60,101
castle,1,70,102
cave,2,50,102
coastal_reef,2,50,102
deep_water,NA,0,102
fake_shroud,NA,0,102
flat,1,60,102
forest,2,70,102
frozen,2,40,102
fungus,2,70,102
hills,2,70,102
mountains,3,70,102
sand,2,40,102
shallow_water,2,40,102
swamp,2,40,102
unwalkable,NA,0,102
village,1,70,102
castle,1,70,103
cave,2,50,103
coastal_reef,2,50,103
deep_water,NA,0,103
fake_shroud,NA,0,103
flat,1,60,103
forest,2,70,103
frozen,2,40,103
fungus,2,70,103
hills,2,70,103
mountains,3,70,103
sand,2,40,103
shallow_water,2,40,103
swamp,2,40,103
unwalkable,NA,0,103
village,1,70,103
castle,1,70,104
cave,2,50,104
coastal_reef,2,50,104
deep_water,NA,0,104
fake_shroud,NA,0,104
flat,1,60,104
forest,2,70,104
frozen,2,40,104
fungus,2,70,104
hills,2,70,104
mountains,3,70,104
sand,2,40,104
shallow_water,2,40,104
swamp,2,40,104
unwalkable,NA,0,104
village,1,70,104
castle,1,50,105
cave,2,40,105
coastal_reef,3,20,105
deep_water,NA,0,105
fake_shroud,NA,0,105
flat,1,30,105
forest,2,40,105
frozen,NA,20,105
fungus,2,40,105
hills,3,40,105
mountains,NA,0,105
sand,2,20,105
shallow_water,NA,10,105
swamp,NA,10,105
unwalkable,NA,0,105
village,1,40,105
castle,1,50,106
cave,2,40,106
coastal_reef,3,20,106
deep_water,NA,0,106
fake_shroud,NA,0,106
flat,1,30,106
forest,2,40,106
frozen,NA,20,106
fungus,2,40,106
hills,3,40,106
mountains,NA,0,106
sand,2,20,106
shallow_water,NA,10,106
swamp,NA,10,106
unwalkable,NA,0,106
village,1,40,106
castle,1,50,107
cave,2,40,107
coastal_reef,3,20,107
deep_water,NA,0,107
fake_shroud,NA,0,107
flat,1,30,107
forest,2,40,107
frozen,NA,20,107
fungus,2,40,107
hills,3,40,107
mountains,NA,0,107
sand,2,20,107
shallow_water,NA,10,107
swamp,NA,10,107
unwalkable,NA,0,107
village,1,40,107
castle,1,40,108
cave,4,20,108
coastal_reef,3,30,108
deep_water,NA,0,108
fake_shroud,NA,0,108
flat,1,40,108
forest,3,30,108
frozen,2,30,108
fungus,4,20,108
hills,2,40,108
mountains,NA,0,108
sand,2,30,108
shallow_water,4,20,108
swamp,4,20,108
unwalkable,NA,0,108
village,1,40,108
castle,1,40,109
cave,4,20,109
coastal_reef,3,30,109
deep_water,NA,0,109
fake_shroud,NA,0,109
flat,1,40,109
forest,3,30,109
frozen,2,30,109
fungus,4,20,109
hills,2,40,109
mountains,NA,0,109
sand,2,30,109
shallow_water,4,20,109
swamp,4,20,109
unwalkable,NA,0,109
village,1,40,109
castle,1,40,110
cave,4,20,110
coastal_reef,3,30,110
deep_water,NA,0,110
fake_shroud,NA,0,110
flat,1,40,110
forest,3,30,110
frozen,2,30,110
fungus,4,20,110
hills,2,40,110
mountains,NA,0,110
sand,2,30,110
shallow_water,4,20,110
swamp,4,20,110
unwalkable,NA,0,110
village,1,40,110
castle,1,40,111
cave,4,20,111
coastal_reef,3,30,111
deep_water,NA,0,111
fake_shroud,NA,0,111
flat,1,40,111
forest,3,30,111
frozen,2,30,111
fungus,4,20,111
hills,2,40,111
mountains,NA,0,111
sand,2,30,111
shallow_water,4,20,111
swamp,4,20,111
unwalkable,NA,0,111
village,1,40,111
castle,1,40,112
cave,4,20,112
coastal_reef,3,30,112
deep_water,NA,0,112
fake_shroud,NA,0,112
flat,1,40,112
forest,3,30,112
frozen,2,30,112
fungus,4,20,112
hills,2,40,112
mountains,NA,0,112
sand,2,30,112
shallow_water,4,20,112
swamp,4,20,112
unwalkable,NA,0,112
village,1,40,112
castle,1,60,113
cave,2,40,113
coastal_reef,2,30,113
deep_water,NA,0,113
fake_shroud,NA,0,113
flat,1,40,113
forest,2,50,113
frozen,3,20,113
fungus,2,50,113
hills,2,50,113
mountains,3,60,113
sand,2,30,113
shallow_water,3,20,113
swamp,3,20,113
unwalkable,NA,0,113
village,1,60,113
castle,1,60,114
cave,2,40,114
coastal_reef,2,30,114
deep_water,NA,0,114
fake_shroud,NA,0,114
flat,1,40,114
forest,2,50,114
frozen,3,20,114
fungus,2,50,114
hills,2,50,114
mountains,3,60,114
sand,2,30,114
shallow_water,3,20,114
swamp,3,20,114
unwalkable,NA,0,114
village,1,60,114
castle,1,60,115
cave,2,40,115
coastal_reef,2,30,115
deep_water,NA,0,115
fake_shroud,NA,0,115
flat,1,40,115
forest,2,50,115
frozen,3,20,115
fungus,2,50,115
hills,2,50,115
mountains,3,60,115
sand,2,30,115
shallow_water,3,20,115
swamp,3,20,115
unwalkable,NA,0,115
village,1,60,115
castle,1,60,116
cave,2,40,116
coastal_reef,2,30,116
deep_water,NA,0,116
fake_shroud,NA,0,116
flat,1,40,116
forest,2,50,116
frozen,3,20,116
fungus,2,50,116
hills,2,50,116
mountains,3,60,116
sand,2,30,116
shallow_water,3,20,116
swamp,3,20,116
unwalkable,NA,0,116
village,1,60,116
castle,1,60,117
cave,2,40,117
coastal_reef,2,30,117
deep_water,NA,0,117
fake_shroud,NA,0,117
flat,1,40,117
forest,2,50,117
frozen,3,20,117
fungus,2,50,117
hills,2,50,117
mountains,3,60,117
sand,2,30,117
shallow_water,3,20,117
swamp,3,20,117
unwalkable,NA,0,117
village,1,60,117
castle,1,60,118
cave,2,40,118
coastal_reef,2,30,118
deep_water,NA,0,118
fake_shroud,NA,0,118
flat,1,40,118
forest,2,50,118
frozen,3,20,118
fungus,2,50,118
hills,2,50,118
mountains,3,60,118
sand,2,30,118
shallow_water,3,20,118
swamp,3,20,118
unwalkable,NA,0,118
village,1,60,118
castle,1,60,119
cave,2,40,119
coastal_reef,2,30,119
deep_water,NA,0,119
fake_shroud,NA,0,119
flat,1,40,119
forest,2,50,119
frozen,3,20,119
fungus,2,50,119
hills,2,50,119
mountains,3,60,119
sand,2,30,119
shallow_water,3,20,119
swamp,3,20,119
unwalkable,NA,0,119
village,1,60,119
castle,1,60,120
cave,2,40,120
coastal_reef,2,30,120
deep_water,NA,0,120
fake_shroud,NA,0,120
flat,1,40,120
forest,2,50,120
frozen,3,20,120
fungus,2,50,120
hills,2,50,120
mountains,3,60,120
sand,2,30,120
shallow_water,3,20,120
swamp,3,20,120
unwalkable,NA,0,120
village,1,60,120
castle,1,60,121
castle,1,60,146
cave,2,40,121
cave,2,40,146
coastal_reef,2,30,121
coastal_reef,2,30,146
deep_water,NA,0,121
deep_water,NA,0,146
fake_shroud,NA,0,121
fake_shroud,NA,0,146
flat,1,40,121
flat,1,40,146
forest,2,50,121
forest,2,50,146
frozen,3,20,121
frozen,3,20,146
fungus,2,50,121
fungus,2,50,146
hills,2,50,121
hills,2,50,146
mountains,3,60,121
mountains,3,60,146
sand,2,30,121
sand,2,30,146
shallow_water,3,20,121
shallow_water,3,20,146
swamp,3,20,121
swamp,3,20,146
unwalkable,NA,0,121
unwalkable,NA,0,146
village,1,60,121
village,1,60,146
castle,1,60,122
castle,1,60,147
cave,2,40,122
cave,2,40,147
coastal_reef,2,30,122
coastal_reef,2,30,147
deep_water,NA,0,122
deep_water,NA,0,147
fake_shroud,NA,0,122
fake_shroud,NA,0,147
flat,1,40,122
flat,1,40,147
forest,2,50,122
forest,2,50,147
frozen,3,20,122
frozen,3,20,147
fungus,2,50,122
fungus,2,50,147
hills,2,50,122
hills,2,50,147
mountains,3,60,122
mountains,3,60,147
sand,2,30,122
sand,2,30,147
shallow_water,3,20,122
shallow_water,3,20,147
swamp,3,20,122
swamp,3,20,147
unwalkable,NA,0,122
unwalkable,NA,0,147
village,1,60,122
village,1,60,147
castle,1,60,123
castle,1,60,148
cave,2,40,123
cave,2,40,148
coastal_reef,2,30,123
coastal_reef,2,30,148
deep_water,NA,0,123
deep_water,NA,0,148
fake_shroud,NA,0,123
fake_shroud,NA,0,148
flat,1,40,123
flat,1,40,148
forest,2,50,123
forest,2,50,148
frozen,3,20,123
frozen,3,20,148
fungus,2,50,123
fungus,2,50,148
hills,2,50,123
hills,2,50,148
mountains,3,60,123
mountains,3,60,148
sand,2,30,123
sand,2,30,148
shallow_water,3,20,123
shallow_water,3,20,148
swamp,3,20,123
swamp,3,20,148
unwalkable,NA,0,123
unwalkable,NA,0,148
village,1,60,123
village,1,60,148
castle,1,60,124
cave,2,40,124
coastal_reef,2,30,124
deep_water,NA,0,124
fake_shroud,NA,0,124
flat,1,40,124
forest,2,50,124
frozen,3,20,124
fungus,2,50,124
hills,2,50,124
mountains,3,60,124
sand,2,30,124
shallow_water,3,20,124
swamp,3,20,124
unwalkable,NA,0,124
village,1,60,124
castle,1,60,125
cave,2,40,125
coastal_reef,2,30,125
deep_water,NA,0,125
fake_shroud,NA,0,125
flat,1,40,125
forest,2,50,125
frozen,3,20,125
fungus,2,50,125
hills,2,50,125
mountains,3,60,125
sand,2,30,125
shallow_water,3,20,125
swamp,3,20,125
unwalkable,NA,0,125
village,1,60,125
castle,1,60,126
cave,2,40,126
coastal_reef,2,30,126
deep_water,NA,0,126
fake_shroud,NA,0,126
flat,1,40,126
forest,2,50,126
frozen,3,20,126
fungus,2,50,126
hills,2,50,126
mountains,3,60,126
sand,2,30,126
shallow_water,3,20,126
swamp,3,20,126
unwalkable,NA,0,126
village,1,60,126
castle,1,60,127
cave,2,40,127
coastal_reef,2,30,127
deep_water,NA,0,127
fake_shroud,NA,0,127
flat,1,40,127
forest,2,50,127
frozen,3,20,127
fungus,2,50,127
hills,2,50,127
mountains,3,60,127
sand,2,30,127
shallow_water,3,20,127
swamp,3,20,127
unwalkable,NA,0,127
village,1,60,127
castle,1,60,128
cave,2,40,128
coastal_reef,2,30,128
deep_water,NA,0,128
fake_shroud,NA,0,128
flat,1,40,128
forest,2,50,128
frozen,3,20,128
fungus,2,50,128
hills,2,50,128
mountains,3,60,128
sand,2,30,128
shallow_water,3,20,128
swamp,3,20,128
unwalkable,NA,0,128
village,1,60,128
castle,1,60,129
cave,2,40,129
coastal_reef,2,30,129
deep_water,NA,0,129
fake_shroud,NA,0,129
flat,1,40,129
forest,2,50,129
frozen,3,20,129
fungus,2,50,129
hills,2,50,129
mountains,3,60,129
sand,2,30,129
shallow_water,3,20,129
swamp,3,20,129
unwalkable,NA,0,129
village,1,60,129
castle,1,50,130
cave,2,40,130
coastal_reef,3,20,130
deep_water,NA,0,130
fake_shroud,NA,0,130
flat,1,30,130
forest,2,40,130
frozen,4,20,130
fungus,2,40,130
hills,3,40,130
mountains,NA,0,130
sand,2,20,130
shallow_water,4,10,130
swamp,4,10,130
unwalkable,NA,0,130
village,1,40,130
castle,1,60,131
cave,2,40,131
coastal_reef,2,30,131
deep_water,NA,0,131
fake_shroud,NA,0,131
flat,1,40,131
forest,2,50,131
frozen,3,20,131
fungus,2,50,131
hills,2,50,131
mountains,3,60,131
sand,2,30,131
shallow_water,3,20,131
swamp,3,20,131
unwalkable,NA,0,131
village,1,60,131
castle,1,70,132
cave,2,50,132
coastal_reef,2,50,132
deep_water,NA,0,132
fake_shroud,NA,0,132
flat,1,60,132
forest,2,70,132
frozen,2,40,132
fungus,2,70,132
hills,2,70,132
mountains,3,70,132
sand,2,40,132
shallow_water,2,40,132
swamp,2,40,132
unwalkable,NA,0,132
village,1,70,132
castle,1,70,133
cave,2,50,133
coastal_reef,2,50,133
deep_water,NA,0,133
fake_shroud,NA,0,133
flat,1,60,133
forest,2,70,133
frozen,2,40,133
fungus,2,70,133
hills,2,70,133
mountains,3,70,133
sand,2,40,133
shallow_water,2,40,133
swamp,2,40,133
unwalkable,NA,0,133
village,1,70,133
castle,1,70,134
cave,2,50,134
coastal_reef,2,50,134
deep_water,NA,0,134
fake_shroud,NA,0,134
flat,1,60,134
forest,2,70,134
frozen,2,40,134
fungus,2,70,134
hills,2,70,134
mountains,3,70,134
sand,2,40,134
shallow_water,2,40,134
swamp,2,40,134
unwalkable,NA,0,134
village,1,70,134
castle,1,60,135
cave,2,40,135
coastal_reef,2,30,135
deep_water,NA,0,135
fake_shroud,NA,0,135
flat,1,40,135
forest,2,50,135
frozen,3,20,135
fungus,2,50,135
hills,2,50,135
mountains,3,60,135
sand,2,30,135
shallow_water,3,20,135
swamp,3,20,135
unwalkable,NA,0,135
village,1,60,135
castle,1,60,136
cave,2,40,136
coastal_reef,2,30,136
deep_water,NA,0,136
fake_shroud,NA,0,136
flat,1,40,136
forest,2,50,136
frozen,3,20,136
fungus,2,50,136
hills,2,50,136
mountains,3,60,136
sand,2,30,136
shallow_water,3,20,136
swamp,3,20,136
unwalkable,NA,0,136
village,1,60,136
castle,1,60,137
cave,2,40,137
coastal_reef,2,30,137
deep_water,NA,0,137
fake_shroud,NA,0,137
flat,1,40,137
forest,2,50,137
frozen,3,20,137
fungus,2,50,137
hills,2,50,137
mountains,3,60,137
sand,2,30,137
shallow_water,3,20,137
swamp,3,20,137
unwalkable,NA,0,137
village,1,60,137
castle,1,60,138
cave,2,40,138
coastal_reef,2,30,138
deep_water,NA,0,138
fake_shroud,NA,0,138
flat,1,40,138
forest,2,50,138
frozen,3,20,138
fungus,2,50,138
hills,2,50,138
mountains,3,60,138
sand,2,30,138
shallow_water,3,20,138
swamp,3,20,138
unwalkable,NA,0,138
village,1,60,138
castle,1,60,139
cave,2,40,139
coastal_reef,2,30,139
deep_water,NA,0,139
fake_shroud,NA,0,139
flat,1,40,139
forest,2,50,139
frozen,3,20,139
fungus,2,50,139
hills,2,50,139
mountains,3,60,139
sand,2,30,139
shallow_water,3,20,139
swamp,3,20,139
unwalkable,NA,0,139
village,1,60,139
castle,1,60,140
cave,2,40,140
coastal_reef,2,30,140
deep_water,NA,0,140
fake_shroud,NA,0,140
flat,1,40,140
forest,2,50,140
frozen,3,20,140
fungus,2,50,140
hills,2,50,140
mountains,3,60,140
sand,2,30,140
shallow_water,3,20,140
swamp,3,20,140
unwalkable,NA,0,140
village,1,60,140
castle,1,60,141
cave,2,40,141
coastal_reef,2,30,141
deep_water,NA,0,141
fake_shroud,NA,0,141
flat,1,40,141
forest,2,50,141
frozen,3,20,141
fungus,2,50,141
hills,2,50,141
mountains,3,60,141
sand,2,30,141
shallow_water,3,20,141
swamp,3,20,141
unwalkable,NA,0,141
village,1,60,141
castle,1,70,142
cave,2,50,142
coastal_reef,2,50,142
deep_water,NA,0,142
fake_shroud,NA,0,142
flat,1,60,142
forest,2,70,142
frozen,2,40,142
fungus,2,70,142
hills,2,70,142
mountains,3,70,142
sand,2,40,142
shallow_water,2,40,142
swamp,2,40,142
unwalkable,NA,0,142
village,1,70,142
castle,1,70,143
cave,2,50,143
coastal_reef,2,50,143
deep_water,NA,0,143
fake_shroud,NA,0,143
flat,1,60,143
forest,2,70,143
frozen,2,40,143
fungus,2,70,143
hills,2,70,143
mountains,3,70,143
sand,2,40,143
shallow_water,2,40,143
swamp,2,40,143
unwalkable,NA,0,143
village,1,70,143
castle,1,70,144
cave,2,50,144
coastal_reef,2,50,144
deep_water,NA,0,144
fake_shroud,NA,0,144
flat,1,60,144
forest,2,70,144
frozen,2,40,144
fungus,2,70,144
hills,2,70,144
mountains,3,70,144
sand,2,40,144
shallow_water,2,40,144
swamp,2,40,144
unwalkable,NA,0,144
village,1,70,144
castle,1,60,145
cave,2,40,145
coastal_reef,2,30,145
deep_water,NA,0,145
fake_shroud,NA,0,145
flat,1,40,145
forest,2,60,145
frozen,3,20,145
fungus,2,50,145
hills,2,50,145
mountains,3,60,145
sand,2,30,145
shallow_water,3,20,145
swamp,3,50,145
unwalkable,NA,0,145
village,1,60,145
castle,1,60,121
castle,1,60,146
cave,2,40,121
cave,2,40,146
coastal_reef,2,30,121
coastal_reef,2,30,146
deep_water,NA,0,121
deep_water,NA,0,146
fake_shroud,NA,0,121
fake_shroud,NA,0,146
flat,1,40,121
flat,1,40,146
forest,2,50,121
forest,2,50,146
frozen,3,20,121
frozen,3,20,146
fungus,2,50,121
fungus,2,50,146
hills,2,50,121
hills,2,50,146
mountains,3,60,121
mountains,3,60,146
sand,2,30,121
sand,2,30,146
shallow_water,3,20,121
shallow_water,3,20,146
swamp,3,20,121
swamp,3,20,146
unwalkable,NA,0,121
unwalkable,NA,0,146
village,1,60,121
village,1,60,146
castle,1,60,122
castle,1,60,147
cave,2,40,122
cave,2,40,147
coastal_reef,2,30,122
coastal_reef,2,30,147
deep_water,NA,0,122
deep_water,NA,0,147
fake_shroud,NA,0,122
fake_shroud,NA,0,147
flat,1,40,122
flat,1,40,147
forest,2,50,122
forest,2,50,147
frozen,3,20,122
frozen,3,20,147
fungus,2,50,122
fungus,2,50,147
hills,2,50,122
hills,2,50,147
mountains,3,60,122
mountains,3,60,147
sand,2,30,122
sand,2,30,147
shallow_water,3,20,122
shallow_water,3,20,147
swamp,3,20,122
swamp,3,20,147
unwalkable,NA,0,122
unwalkable,NA,0,147
village,1,60,122
village,1,60,147
castle,1,60,123
castle,1,60,148
cave,2,40,123
cave,2,40,148
coastal_reef,2,30,123
coastal_reef,2,30,148
deep_water,NA,0,123
deep_water,NA,0,148
fake_shroud,NA,0,123
fake_shroud,NA,0,148
flat,1,40,123
flat,1,40,148
forest,2,50,123
forest,2,50,148
frozen,3,20,123
frozen,3,20,148
fungus,2,50,123
fungus,2,50,148
hills,2,50,123
hills,2,50,148
mountains,3,60,123
mountains,3,60,148
sand,2,30,123
sand,2,30,148
shallow_water,3,20,123
shallow_water,3,20,148
swamp,3,20,123
swamp,3,20,148
unwalkable,NA,0,123
unwalkable,NA,0,148
village,1,60,123
village,1,60,148
castle,1,60,149
cave,2,40,149
coastal_reef,2,30,149
deep_water,NA,0,149
fake_shroud,NA,0,149
flat,1,40,149
forest,2,60,149
frozen,3,20,149
fungus,2,50,149
hills,2,50,149
mountains,3,60,149
sand,2,30,149
shallow_water,3,20,149
swamp,2,50,149
unwalkable,NA,0,149
village,1,60,149
castle,1,60,150
cave,2,40,150
coastal_reef,2,30,150
deep_water,NA,0,150
fake_shroud,NA,0,150
flat,1,40,150
forest,2,60,150
frozen,3,20,150
fungus,2,50,150
hills,2,50,150
mountains,3,60,150
sand,2,30,150
shallow_water,3,20,150
swamp,2,50,150
unwalkable,NA,0,150
village,1,60,150
castle,1,60,151
cave,2,40,151
coastal_reef,2,30,151
deep_water,NA,0,151
fake_shroud,NA,0,151
flat,1,40,151
forest,2,60,151
frozen,3,20,151
fungus,2,50,151
hills,2,50,151
mountains,3,60,151
sand,2,30,151
shallow_water,3,20,151
swamp,2,60,151
unwalkable,NA,0,151
village,1,60,151
castle,1,60,152
cave,2,40,152
coastal_reef,2,30,152
deep_water,NA,0,152
fake_shroud,NA,0,152
flat,1,40,152
forest,1,60,152
frozen,2,20,152
fungus,2,50,152
hills,1,60,152
mountains,2,60,152
sand,2,30,152
shallow_water,2,40,152
swamp,2,60,152
unwalkable,NA,0,152
village,1,60,152
castle,NA,0,153
cave,NA,0,153
coastal_reef,2,50,153
deep_water,1,50,153
fake_shroud,NA,0,153
flat,NA,0,153
forest,NA,0,153
frozen,NA,0,153
fungus,NA,0,153
hills,NA,0,153
mountains,NA,0,153
sand,NA,0,153
shallow_water,1,50,153
swamp,2,40,153
unwalkable,NA,0,153
village,NA,0,153
castle,NA,0,154
cave,NA,0,154
coastal_reef,2,50,154
deep_water,1,50,154
fake_shroud,NA,0,154
flat,NA,0,154
forest,NA,0,154
frozen,NA,0,154
fungus,NA,0,154
hills,NA,0,154
mountains,NA,0,154
sand,NA,0,154
shallow_water,1,50,154
swamp,2,40,154
unwalkable,NA,0,154
village,NA,0,154
castle,NA,0,155
cave,NA,0,155
coastal_reef,2,50,155
deep_water,1,50,155
fake_shroud,NA,0,155
flat,NA,0,155
forest,NA,0,155
frozen,NA,0,155
fungus,NA,0,155
hills,NA,0,155
mountains,NA,0,155
sand,NA,0,155
shallow_water,1,50,155
swamp,2,40,155
unwalkable,NA,0,155
village,NA,0,155
castle,NA,0,156
cave,NA,0,156
coastal_reef,2,50,156
deep_water,1,50,156
fake_shroud,NA,0,156
flat,NA,0,156
forest,NA,0,156
frozen,NA,0,156
fungus,NA,0,156
hills,NA,0,156
mountains,NA,0,156
sand,NA,0,156
shallow_water,1,50,156
swamp,2,40,156
unwalkable,NA,0,156
village,NA,0,156
castle,1,40,157
cave,3,20,157
coastal_reef,2,70,157
deep_water,1,50,157
fake_shroud,NA,0,157
flat,2,30,157
forest,5,30,157
frozen,2,30,157
fungus,3,20,157
hills,5,30,157
mountains,NA,0,157
sand,2,30,157
shallow_water,1,60,157
swamp,1,60,157
unwalkable,NA,0,157
village,1,40,157
castle,1,40,158
cave,3,20,158
coastal_reef,2,70,158
deep_water,1,50,158
fake_shroud,NA,0,158
flat,2,30,158
forest,5,30,158
frozen,2,30,158
fungus,3,20,158
hills,5,30,158
mountains,NA,0,158
sand,2,30,158
shallow_water,1,60,158
swamp,1,60,158
unwalkable,NA,0,158
village,1,40,158
castle,1,40,159
cave,3,20,159
coastal_reef,2,70,159
deep_water,1,50,159
fake_shroud,NA,0,159
flat,2,30,159
forest,5,30,159
frozen,2,30,159
fungus,3,20,159
hills,5,30,159
mountains,NA,0,159
sand,2,30,159
shallow_water,1,60,159
swamp,1,60,159
unwalkable,NA,0,159
village,1,40,159
castle,1,40,160
cave,3,20,160
coastal_reef,2,70,160
deep_water,1,50,160
fake_shroud,NA,0,160
flat,2,30,160
forest,5,30,160
frozen,2,30,160
fungus,3,20,160
hills,5,30,160
mountains,NA,0,160
sand,2,30,160
shallow_water,1,60,160
swamp,1,60,160
unwalkable,NA,0,160
village,1,40,160
castle,1,40,161
cave,3,20,161
coastal_reef,2,70,161
deep_water,1,50,161
fake_shroud,NA,0,161
flat,2,30,161
forest,5,30,161
frozen,2,30,161
fungus,3,20,161
hills,5,30,161
mountains,NA,0,161
sand,2,30,161
shallow_water,1,60,161
swamp,1,60,161
unwalkable,NA,0,161
village,1,40,161
castle,1,40,162
cave,3,20,162
coastal_reef,2,70,162
deep_water,1,50,162
fake_shroud,NA,0,162
flat,2,30,162
forest,5,30,162
frozen,2,30,162
fungus,3,20,162
hills,5,30,162
mountains,NA,0,162
sand,2,30,162
shallow_water,1,60,162
swamp,1,60,162
unwalkable,NA,0,162
village,1,40,162
castle,1,40,163
cave,3,20,163
coastal_reef,2,70,163
deep_water,1,50,163
fake_shroud,NA,0,163
flat,2,30,163
forest,5,30,163
frozen,2,30,163
fungus,3,20,163
hills,5,30,163
mountains,NA,0,163
sand,2,30,163
shallow_water,1,60,163
swamp,1,60,163
unwalkable,NA,0,163
village,1,40,163
castle,1,40,164
cave,3,20,164
coastal_reef,2,70,164
deep_water,1,50,164
fake_shroud,NA,0,164
flat,2,30,164
forest,NA,30,164
frozen,2,30,164
fungus,3,20,164
hills,NA,30,164
mountains,NA,0,164
sand,2,30,164
shallow_water,1,60,164
swamp,1,60,164
unwalkable,NA,0,164
village,1,40,164
castle,1,40,165
cave,3,20,165
coastal_reef,2,70,165
deep_water,1,50,165
fake_shroud,NA,0,165
flat,2,30,165
forest,5,30,165
frozen,2,30,165
fungus,3,20,165
hills,5,30,165
mountains,NA,0,165
sand,2,30,165
shallow_water,1,60,165
swamp,1,60,165
unwalkable,NA,0,165
village,1,40,165
castle,1,40,166
cave,3,20,166
coastal_reef,2,70,166
deep_water,1,50,166
fake_shroud,NA,0,166
flat,2,30,166
forest,5,30,166
frozen,2,30,166
fungus,3,20,166
hills,5,30,166
mountains,NA,0,166
sand,2,30,166
shallow_water,1,60,166
swamp,1,60,166
unwalkable,NA,0,166
village,1,40,166
castle,1,40,167
cave,3,20,167
coastal_reef,2,70,167
deep_water,1,50,167
fake_shroud,NA,0,167
flat,2,30,167
forest,5,30,167
frozen,2,30,167
fungus,3,20,167
hills,5,30,167
mountains,NA,0,167
sand,2,30,167
shallow_water,1,60,167
swamp,1,60,167
unwalkable,NA,0,167
village,1,40,167
castle,1,40,168
cave,3,20,168
coastal_reef,2,70,168
deep_water,1,50,168
fake_shroud,NA,0,168
flat,2,30,168
forest,5,30,168
frozen,2,30,168
fungus,3,20,168
hills,5,30,168
mountains,NA,0,168
sand,2,30,168
shallow_water,1,60,168
swamp,1,60,168
unwalkable,NA,0,168
village,1,40,168
castle,1,40,169
cave,3,20,169
coastal_reef,2,70,169
deep_water,1,50,169
fake_shroud,NA,0,169
flat,2,30,169
forest,5,30,169
frozen,2,30,169
fungus,3,20,169
hills,5,30,169
mountains,NA,0,169
sand,2,30,169
shallow_water,1,60,169
swamp,1,60,169
unwalkable,NA,0,169
village,1,40,169
castle,1,40,170
cave,3,20,170
coastal_reef,2,70,170
deep_water,1,50,170
fake_shroud,NA,0,170
flat,2,30,170
forest,5,30,170
frozen,2,30,170
fungus,3,20,170
hills,5,30,170
mountains,NA,0,170
sand,2,30,170
shallow_water,1,60,170
swamp,1,60,170
unwalkable,NA,0,170
village,1,40,170
castle,1,30,171
cave,3,20,171
coastal_reef,2,50,171
deep_water,1,60,171
fake_shroud,NA,0,171
flat,4,30,171
forest,5,30,171
frozen,2,30,171
fungus,3,20,171
hills,5,30,171
mountains,NA,0,171
sand,4,30,171
shallow_water,2,50,171
swamp,2,40,171
unwalkable,NA,0,171
village,2,30,171
castle,1,40,172
cave,3,30,172
coastal_reef,1,30,172
deep_water,2,20,172
fake_shroud,NA,0,172
flat,1,30,172
forest,1,40,172
frozen,2,20,172
fungus,2,40,172
hills,1,40,172
mountains,1,40,172
sand,1,40,172
shallow_water,1,20,172
swamp,1,30,172
unwalkable,1,40,172
village,1,40,172
castle,1,40,173
cave,3,30,173
coastal_reef,1,30,173
deep_water,2,20,173
fake_shroud,NA,0,173
flat,1,30,173
forest,1,40,173
frozen,2,20,173
fungus,2,40,173
hills,1,40,173
mountains,1,40,173
sand,1,40,173
shallow_water,1,20,173
swamp,1,30,173
unwalkable,1,40,173
village,1,40,173
castle,1,50,174
cave,1,60,174
coastal_reef,2,30,174
deep_water,NA,0,174
fake_shroud,NA,0,174
flat,1,50,174
forest,1,50,174
frozen,2,50,174
fungus,2,50,174
hills,2,50,174
mountains,3,60,174
sand,2,50,174
shallow_water,3,20,174
swamp,2,40,174
unwalkable,NA,0,174
village,1,50,174
castle,1,60,175
cave,2,40,175
coastal_reef,2,40,175
deep_water,NA,0,175
fake_shroud,NA,0,175
flat,1,40,175
forest,2,50,175
frozen,2,40,175
fungus,2,50,175
hills,3,50,175
mountains,4,60,175
sand,2,40,175
shallow_water,3,30,175
swamp,2,40,175
unwalkable,NA,0,175
village,1,60,175
castle,1,60,176
cave,2,40,176
coastal_reef,2,40,176
deep_water,NA,0,176
fake_shroud,NA,0,176
flat,1,40,176
forest,2,50,176
frozen,2,40,176
fungus,2,50,176
hills,3,50,176
mountains,4,60,176
sand,2,40,176
shallow_water,3,30,176
swamp,2,40,176
unwalkable,NA,0,176
village,1,60,176
castle,1,60,177
cave,1,50,177
coastal_reef,2,30,177
deep_water,NA,0,177
fake_shroud,NA,0,177
flat,1,30,177
forest,1,30,177
frozen,2,30,177
fungus,2,40,177
hills,1,60,177
mountains,1,70,177
sand,1,30,177
shallow_water,3,20,177
swamp,3,20,177
unwalkable,NA,0,177
village,1,50,177
castle,1,60,178
cave,2,40,178
coastal_reef,2,40,178
deep_water,NA,0,178
fake_shroud,NA,0,178
flat,1,40,178
forest,2,50,178
frozen,2,40,178
fungus,2,50,178
hills,NA,50,178
mountains,NA,60,178
sand,2,40,178
shallow_water,NA,30,178
swamp,2,40,178
unwalkable,NA,0,178
village,1,60,178
castle,1,60,179
cave,2,40,179
coastal_reef,2,40,179
deep_water,NA,0,179
fake_shroud,NA,0,179
flat,1,40,179
forest,2,50,179
frozen,2,40,179
fungus,2,50,179
hills,3,50,179
mountains,NA,60,179
sand,2,40,179
shallow_water,3,30,179
swamp,2,40,179
unwalkable,NA,0,179
village,1,60,179
castle,1,30,180
cave,3,20,180
coastal_reef,2,50,180
deep_water,1,60,180
fake_shroud,NA,0,180
flat,4,30,180
forest,5,30,180
frozen,2,30,180
fungus,3,20,180
hills,5,30,180
mountains,NA,0,180
sand,4,30,180
shallow_water,2,50,180
swamp,2,40,180
unwalkable,NA,0,180
village,2,30,180
castle,NA,0,181
cave,NA,0,181
coastal_reef,NA,50,181
deep_water,1,50,181
fake_shroud,NA,0,181
flat,NA,0,181
forest,NA,0,181
frozen,NA,0,181
fungus,NA,0,181
hills,NA,0,181
mountains,NA,0,181
sand,NA,0,181
shallow_water,1,50,181
swamp,NA,40,181
unwalkable,NA,0,181
village,NA,0,181
castle,2,50,182
cave,2,40,182
coastal_reef,2,70,182
deep_water,1,50,182
fake_shroud,NA,0,182
flat,2,30,182
forest,3,40,182
frozen,2,20,182
fungus,2,40,182
hills,3,40,182
mountains,5,40,182
sand,1,40,182
shallow_water,1,60,182
swamp,1,60,182
unwalkable,NA,0,182
village,1,40,182
castle,1,40,183
cave,1,40,183
coastal_reef,2,30,183
deep_water,NA,0,183
fake_shroud,NA,0,183
flat,1,30,183
forest,2,40,183
frozen,1,60,183
fungus,2,50,183
hills,1,50,183
mountains,2,60,183
sand,2,30,183
shallow_water,2,20,183
swamp,2,20,183
unwalkable,NA,0,183
village,1,40,183
castle,2,50,184
cave,2,40,184
coastal_reef,2,70,184
deep_water,1,50,184
fake_shroud,NA,0,184
flat,2,30,184
forest,3,40,184
frozen,2,20,184
fungus,2,40,184
hills,3,40,184
mountains,5,40,184
sand,1,40,184
shallow_water,1,60,184
swamp,1,60,184
unwalkable,NA,0,184
village,1,40,184
castle,2,50,185
cave,2,40,185
coastal_reef,2,70,185
deep_water,1,50,185
fake_shroud,NA,0,185
flat,2,40,185
forest,3,40,185
frozen,2,20,185
fungus,2,40,185
hills,3,40,185
mountains,5,40,185
sand,1,50,185
shallow_water,1,60,185
swamp,1,60,185
unwalkable,NA,0,185
village,1,40,185
castle,2,50,186
cave,2,40,186
coastal_reef,2,70,186
deep_water,1,50,186
fake_shroud,NA,0,186
flat,2,50,186
forest,3,40,186
frozen,2,20,186
fungus,2,40,186
hills,3,40,186
mountains,5,40,186
sand,1,60,186
shallow_water,1,60,186
swamp,1,60,186
unwalkable,NA,0,186
village,1,40,186
castle,1,40,187
cave,1,40,187
coastal_reef,2,30,187
deep_water,NA,0,187
fake_shroud,NA,0,187
flat,1,30,187
forest,2,40,187
frozen,2,20,187
fungus,2,50,187
hills,1,50,187
mountains,2,60,187
sand,2,30,187
shallow_water,2,20,187
swamp,2,20,187
unwalkable,NA,0,187
village,1,40,187
castle,1,40,188
cave,1,40,188
coastal_reef,2,30,188
deep_water,NA,0,188
fake_shroud,NA,0,188
flat,1,30,188
forest,2,40,188
frozen,2,20,188
fungus,2,50,188
hills,1,50,188
mountains,2,60,188
sand,2,30,188
shallow_water,2,20,188
swamp,2,20,188
unwalkable,NA,0,188
village,1,40,188
castle,1,60,189
cave,2,40,189
coastal_reef,2,30,189
deep_water,NA,0,189
fake_shroud,NA,0,189
flat,1,40,189
forest,2,50,189
frozen,2,20,189
fungus,3,40,189
hills,1,50,189
mountains,2,60,189
sand,2,30,189
shallow_water,3,20,189
swamp,3,30,189
unwalkable,NA,0,189
village,1,60,189
castle,1,60,190
cave,2,40,190
coastal_reef,2,30,190
deep_water,NA,0,190
fake_shroud,NA,0,190
flat,1,40,190
forest,2,50,190
frozen,2,20,190
fungus,3,40,190
hills,1,50,190
mountains,2,60,190
sand,2,30,190
shallow_water,3,20,190
swamp,3,30,190
unwalkable,NA,0,190
village,1,60,190
castle,1,60,191
cave,2,40,191
coastal_reef,2,30,191
deep_water,NA,0,191
fake_shroud,NA,0,191
flat,1,40,191
forest,2,50,191
frozen,2,20,191
fungus,3,40,191
hills,1,50,191
mountains,2,60,191
sand,2,30,191
shallow_water,3,20,191
swamp,3,30,191
unwalkable,NA,0,191
village,1,60,191
castle,1,70,192
cave,2,50,192
coastal_reef,2,50,192
deep_water,NA,0,192
fake_shroud,NA,0,192
flat,1,60,192
forest,2,70,192
frozen,2,40,192
fungus,2,70,192
hills,2,70,192
mountains,3,70,192
sand,2,40,192
shallow_water,2,40,192
swamp,2,40,192
unwalkable,NA,0,192
village,1,70,192
castle,1,70,193
cave,2,50,193
coastal_reef,2,50,193
deep_water,NA,0,193
fake_shroud,NA,0,193
flat,1,60,193
forest,2,70,193
frozen,2,40,193
fungus,2,70,193
hills,2,70,193
mountains,3,70,193
sand,2,40,193
shallow_water,2,40,193
swamp,2,40,193
unwalkable,NA,0,193
village,1,70,193
castle,1,60,194
cave,2,40,194
coastal_reef,2,30,194
deep_water,NA,0,194
fake_shroud,NA,0,194
flat,1,40,194
forest,2,50,194
frozen,2,20,194
fungus,3,40,194
hills,1,50,194
mountains,2,60,194
sand,2,30,194
shallow_water,3,20,194
swamp,3,30,194
unwalkable,NA,0,194
village,1,60,194
castle,1,60,195
cave,2,40,195
coastal_reef,2,30,195
deep_water,NA,0,195
fake_shroud,NA,0,195
flat,1,40,195
forest,2,50,195
frozen,2,20,195
fungus,3,40,195
hills,1,50,195
mountains,2,60,195
sand,2,30,195
shallow_water,3,20,195
swamp,3,30,195
unwalkable,NA,0,195
village,1,60,195
castle,1,60,196
cave,2,40,196
coastal_reef,2,30,196
deep_water,NA,0,196
fake_shroud,NA,0,196
flat,1,40,196
forest,2,50,196
frozen,2,20,196
fungus,3,40,196
hills,1,50,196
mountains,2,60,196
sand,2,30,196
shallow_water,3,20,196
swamp,3,30,196
unwalkable,NA,0,196
village,1,60,196
castle,1,60,197
cave,2,40,197
coastal_reef,2,30,197
deep_water,NA,0,197
fake_shroud,NA,0,197
flat,1,40,197
forest,2,50,197
frozen,2,20,197
fungus,3,40,197
hills,1,50,197
mountains,2,60,197
sand,2,30,197
shallow_water,3,20,197
swamp,3,30,197
unwalkable,NA,0,197
village,1,60,197
castle,1,60,198
cave,2,40,198
coastal_reef,2,30,198
deep_water,NA,0,198
fake_shroud,NA,0,198
flat,1,40,198
forest,2,50,198
frozen,2,20,198
fungus,3,40,198
hills,1,50,198
mountains,2,60,198
sand,2,30,198
shallow_water,3,20,198
swamp,3,30,198
unwalkable,NA,0,198
village,1,60,198
castle,1,60,199
cave,2,40,199
coastal_reef,2,30,199
deep_water,NA,0,199
fake_shroud,NA,0,199
flat,1,40,199
forest,2,50,199
frozen,2,20,199
fungus,3,40,199
hills,1,50,199
mountains,2,60,199
sand,2,30,199
shallow_water,3,20,199
swamp,3,30,199
unwalkable,NA,0,199
village,1,60,199
castle,1,70,200
cave,2,50,200
coastal_reef,2,50,200
deep_water,NA,0,200
fake_shroud,NA,0,200
flat,1,60,200
forest,2,70,200
frozen,2,40,200
fungus,2,70,200
hills,2,70,200
mountains,3,70,200
sand,2,40,200
shallow_water,2,40,200
swamp,2,40,200
unwalkable,NA,0,200
village,1,70,200
castle,1,60,201
cave,1,60,201
coastal_reef,2,40,201
deep_water,NA,0,201
fake_shroud,NA,0,201
flat,1,40,201
forest,2,60,201
frozen,4,30,201
fungus,1,60,201
hills,1,60,201
mountains,2,60,201
sand,1,60,201
shallow_water,3,40,201
swamp,1,60,201
unwalkable,NA,0,201
village,1,50,201
castle,1,60,202
cave,1,60,202
coastal_reef,2,40,202
deep_water,NA,0,202
fake_shroud,NA,0,202
flat,1,40,202
forest,2,60,202
frozen,4,30,202
fungus,1,60,202
hills,1,60,202
mountains,2,60,202
sand,1,60,202
shallow_water,3,40,202
swamp,1,60,202
unwalkable,NA,0,202
village,1,50,202
castle,1,60,203
cave,1,60,203
coastal_reef,2,40,203
deep_water,NA,0,203
fake_shroud,NA,0,203
flat,1,40,203
forest,2,60,203
frozen,4,30,203
fungus,1,60,203
hills,1,60,203
mountains,2,60,203
sand,1,60,203
shallow_water,3,40,203
swamp,1,60,203
unwalkable,NA,0,203
village,1,50,203
castle,1,60,204
cave,1,60,204
coastal_reef,2,40,204
deep_water,NA,0,204
fake_shroud,NA,0,204
flat,1,40,204
forest,2,60,204
frozen,4,30,204
fungus,1,60,204
hills,1,60,204
mountains,2,60,204
sand,1,60,204
shallow_water,3,40,204
swamp,1,60,204
unwalkable,NA,0,204
village,1,50,204
castle,1,60,205
cave,1,60,205
coastal_reef,2,40,205
deep_water,NA,0,205
fake_shroud,NA,0,205
flat,1,40,205
forest,2,60,205
frozen,4,30,205
fungus,1,60,205
hills,1,60,205
mountains,2,60,205
sand,1,60,205
shallow_water,3,40,205
swamp,1,60,205
unwalkable,NA,0,205
village,1,50,205
castle,1,60,206
cave,1,60,206
coastal_reef,2,40,206
deep_water,NA,0,206
fake_shroud,NA,0,206
flat,1,40,206
forest,2,60,206
frozen,4,30,206
fungus,1,60,206
hills,1,60,206
mountains,2,60,206
sand,1,60,206
shallow_water,3,40,206
swamp,1,60,206
unwalkable,NA,0,206
village,1,50,206
castle,1,40,207
cave,1,40,207
coastal_reef,2,30,207
deep_water,NA,0,207
fake_shroud,NA,0,207
flat,1,30,207
forest,2,40,207
frozen,2,20,207
fungus,2,50,207
hills,1,50,207
mountains,2,60,207
sand,2,30,207
shallow_water,2,20,207
swamp,2,20,207
unwalkable,NA,0,207
village,1,40,207
castle,1,40,208
cave,1,40,208
coastal_reef,2,30,208
deep_water,NA,0,208
fake_shroud,NA,0,208
flat,1,30,208
forest,2,40,208
frozen,2,20,208
fungus,2,50,208
hills,1,50,208
mountains,2,60,208
sand,2,30,208
shallow_water,2,20,208
swamp,2,20,208
unwalkable,NA,0,208
village,1,40,208
castle,1,40,209
cave,1,40,209
coastal_reef,2,30,209
deep_water,NA,0,209
fake_shroud,NA,0,209
flat,1,30,209
forest,2,40,209
frozen,2,20,209
fungus,2,50,209
hills,1,50,209
mountains,2,60,209
sand,2,30,209
shallow_water,2,20,209
swamp,2,20,209
unwalkable,NA,0,209
village,1,40,209
castle,1,40,210
cave,1,40,210
coastal_reef,2,30,210
deep_water,NA,0,210
fake_shroud,NA,0,210
flat,1,30,210
forest,2,40,210
frozen,2,20,210
fungus,2,50,210
hills,1,50,210
mountains,2,60,210
sand,2,30,210
shallow_water,2,20,210
swamp,2,20,210
unwalkable,NA,0,210
village,1,40,210
castle,1,40,211
cave,1,40,211
coastal_reef,2,30,211
deep_water,NA,0,211
fake_shroud,NA,0,211
flat,1,30,211
forest,2,40,211
frozen,2,20,211
fungus,2,50,211
hills,1,50,211
mountains,2,60,211
sand,2,30,211
shallow_water,2,20,211
swamp,2,20,211
unwalkable,NA,0,211
village,1,40,211
castle,1,40,212
cave,1,40,212
coastal_reef,2,30,212
deep_water,NA,0,212
fake_shroud,NA,0,212
flat,1,30,212
forest,2,40,212
frozen,2,20,212
fungus,2,50,212
hills,1,50,212
mountains,2,60,212
sand,2,30,212
shallow_water,2,20,212
swamp,2,20,212
unwalkable,NA,0,212
village,1,40,212
castle,1,40,213
cave,1,40,213
coastal_reef,2,30,213
deep_water,NA,0,213
fake_shroud,NA,0,213
flat,1,30,213
forest,2,40,213
frozen,2,20,213
fungus,2,50,213
hills,1,50,213
mountains,2,60,213
sand,2,30,213
shallow_water,2,20,213
swamp,2,20,213
unwalkable,NA,0,213
village,1,40,213
castle,1,60,214
cave,2,40,214
coastal_reef,2,30,214
deep_water,3,10,214
fake_shroud,NA,0,214
flat,1,40,214
forest,2,50,214
frozen,2,30,214
fungus,2,60,214
hills,2,50,214
mountains,3,60,214
sand,2,30,214
shallow_water,3,20,214
swamp,2,30,214
unwalkable,NA,0,214
village,1,60,214
castle,1,60,215
cave,2,40,215
coastal_reef,2,30,215
deep_water,3,10,215
fake_shroud,NA,0,215
flat,1,40,215
forest,2,30,215
frozen,2,30,215
fungus,2,40,215
hills,2,40,215
mountains,3,50,215
sand,2,30,215
shallow_water,2,20,215
swamp,2,30,215
unwalkable,NA,0,215
village,1,40,215
castle,1,60,216
cave,2,40,216
coastal_reef,2,30,216
deep_water,3,10,216
fake_shroud,NA,0,216
flat,1,40,216
forest,2,50,216
frozen,2,30,216
fungus,2,60,216
hills,2,50,216
mountains,3,60,216
sand,2,30,216
shallow_water,2,20,216
swamp,2,30,216
unwalkable,NA,0,216
village,1,60,216
castle,1,50,217
cave,1,50,217
coastal_reef,2,50,217
deep_water,2,50,217
fake_shroud,NA,0,217
flat,1,50,217
forest,1,50,217
frozen,1,50,217
fungus,1,50,217
hills,1,50,217
mountains,1,50,217
sand,1,50,217
shallow_water,2,50,217
swamp,1,50,217
unwalkable,1,50,217
village,1,50,217
castle,1,50,218
cave,1,50,218
coastal_reef,2,50,218
deep_water,2,50,218
fake_shroud,NA,0,218
flat,1,50,218
forest,1,50,218
frozen,1,50,218
fungus,1,50,218
hills,1,50,218
mountains,1,50,218
sand,1,50,218
shallow_water,2,50,218
swamp,1,50,218
unwalkable,1,50,218
village,1,50,218
castle,1,50,219
cave,1,50,219
coastal_reef,2,50,219
deep_water,2,50,219
fake_shroud,NA,0,219
flat,1,50,219
forest,1,50,219
frozen,1,50,219
fungus,1,50,219
hills,1,50,219
mountains,1,50,219
sand,1,50,219
shallow_water,2,50,219
swamp,1,50,219
unwalkable,1,50,219
village,1,50,219
castle,1,50,220
cave,1,50,220
coastal_reef,2,50,220
deep_water,2,50,220
fake_shroud,NA,0,220
flat,1,50,220
forest,1,50,220
frozen,1,50,220
fungus,1,50,220
hills,1,50,220
mountains,1,50,220
sand,1,50,220
shallow_water,2,50,220
swamp,1,50,220
unwalkable,1,50,220
village,1,50,220
castle,1,50,221
cave,1,50,221
coastal_reef,2,50,221
deep_water,2,50,221
fake_shroud,NA,0,221
flat,1,50,221
forest,1,50,221
frozen,1,50,221
fungus,1,50,221
hills,1,50,221
mountains,1,50,221
sand,1,50,221
shallow_water,2,50,221
swamp,1,50,221
unwalkable,1,50,221
village,1,50,221
castle,1,60,222
cave,2,40,222
coastal_reef,2,30,222
deep_water,NA,0,222
fake_shroud,NA,0,222
flat,1,40,222
forest,2,50,222
frozen,2,30,222
fungus,2,60,222
hills,2,50,222
mountains,3,60,222
sand,2,30,222
shallow_water,3,20,222
swamp,2,30,222
unwalkable,NA,0,222
village,1,60,222
castle,1,60,223
cave,2,40,223
coastal_reef,2,30,223
deep_water,NA,0,223
fake_shroud,NA,0,223
flat,1,40,223
forest,2,50,223
frozen,2,30,223
fungus,2,60,223
hills,2,50,223
mountains,3,60,223
sand,2,30,223
shallow_water,3,20,223
swamp,2,30,223
unwalkable,NA,0,223
village,1,60,223
castle,1,60,224
cave,2,40,224
coastal_reef,2,30,224
deep_water,NA,0,224
fake_shroud,NA,0,224
flat,1,40,224
forest,2,50,224
frozen,2,30,224
fungus,2,60,224
hills,2,50,224
mountains,3,60,224
sand,2,30,224
shallow_water,3,20,224
swamp,2,30,224
unwalkable,NA,0,224
village,1,60,224
castle,1,50,225
cave,1,40,225
coastal_reef,1,50,225
deep_water,1,50,225
fake_shroud,NA,0,225
flat,1,50,225
forest,1,50,225
frozen,1,50,225
fungus,1,50,225
hills,1,50,225
mountains,1,50,225
sand,1,50,225
shallow_water,1,50,225
swamp,1,50,225
unwalkable,1,50,225
village,1,50,225
castle,1,60,226
cave,2,40,226
coastal_reef,2,30,226
deep_water,3,10,226
fake_shroud,NA,0,226
flat,1,40,226
forest,2,50,226
frozen,2,30,226
fungus,2,60,226
hills,2,50,226
mountains,3,60,226
sand,2,30,226
shallow_water,2,20,226
swamp,2,30,226
unwalkable,NA,0,226
village,1,60,226
castle,1,60,227
cave,2,40,227
coastal_reef,2,30,227
deep_water,3,10,227
fake_shroud,NA,0,227
flat,1,40,227
forest,2,50,227
frozen,2,30,227
fungus,2,60,227
hills,2,50,227
mountains,3,60,227
sand,2,30,227
shallow_water,2,20,227
swamp,2,30,227
unwalkable,NA,0,227
village,1,60,227
castle,1,60,228
cave,2,40,228
coastal_reef,2,30,228
deep_water,3,10,228
fake_shroud,NA,0,228
flat,1,40,228
forest,2,50,228
frozen,2,30,228
fungus,2,60,228
hills,2,50,228
mountains,3,60,228
sand,2,30,228
shallow_water,2,20,228
swamp,2,30,228
unwalkable,NA,0,228
village,1,60,228
castle,1,60,229
cave,2,40,229
coastal_reef,2,30,229
deep_water,3,10,229
fake_shroud,NA,0,229
flat,1,40,229
forest,2,50,229
frozen,2,30,229
fungus,2,60,229
hills,2,50,229
mountains,3,60,229
sand,2,30,229
shallow_water,2,20,229
swamp,2,30,229
unwalkable,NA,0,229
village,1,60,229
castle,1,60,230
cave,2,40,230
coastal_reef,2,30,230
deep_water,3,10,230
fake_shroud,NA,0,230
flat,1,40,230
forest,2,50,230
frozen,2,30,230
fungus,2,60,230
hills,2,50,230
mountains,3,60,230
sand,2,30,230
shallow_water,2,20,230
swamp,2,30,230
unwalkable,NA,0,230
village,1,60,230
castle,1,60,231
cave,2,40,231
coastal_reef,2,30,231
deep_water,3,10,231
fake_shroud,NA,0,231
flat,1,40,231
forest,2,50,231
frozen,2,30,231
fungus,2,60,231
hills,2,50,231
mountains,3,60,231
sand,2,30,231
shallow_water,2,20,231
swamp,2,30,231
unwalkable,NA,0,231
village,1,60,231
castle,1,60,232
cave,2,40,232
coastal_reef,2,30,232
deep_water,3,10,232
fake_shroud,NA,0,232
flat,1,40,232
forest,2,50,232
frozen,2,30,232
fungus,2,60,232
hills,2,50,232
mountains,3,60,232
sand,2,30,232
shallow_water,2,20,232
swamp,2,30,232
unwalkable,NA,0,232
village,1,60,232
castle,1,60,233
cave,2,40,233
coastal_reef,2,30,233
deep_water,NA,10,233
fake_shroud,NA,0,233
flat,1,40,233
forest,2,50,233
frozen,3,20,233
fungus,2,50,233
hills,2,50,233
mountains,3,60,233
sand,2,30,233
shallow_water,3,20,233
swamp,3,20,233
unwalkable,NA,0,233
village,1,60,233
castle,1,60,234
cave,2,40,234
coastal_reef,2,30,234
deep_water,NA,10,234
fake_shroud,NA,0,234
flat,1,40,234
forest,2,50,234
frozen,3,20,234
fungus,2,50,234
hills,2,50,234
mountains,3,60,234
sand,2,30,234
shallow_water,3,20,234
swamp,3,20,234
unwalkable,NA,0,234
village,1,60,234
castle,1,60,235
cave,2,40,235
coastal_reef,2,30,235
deep_water,NA,0,235
fake_shroud,NA,0,235
flat,1,40,235
forest,2,50,235
frozen,2,20,235
fungus,3,40,235
hills,1,50,235
mountains,2,60,235
sand,2,30,235
shallow_water,3,20,235
swamp,3,30,235
unwalkable,NA,0,235
village,1,50,235
castle,1,60,236
cave,2,40,236
coastal_reef,2,30,236
deep_water,NA,0,236
fake_shroud,NA,0,236
flat,1,40,236
forest,2,50,236
frozen,2,20,236
fungus,3,40,236
hills,1,50,236
mountains,2,60,236
sand,2,30,236
shallow_water,3,20,236
swamp,3,30,236
unwalkable,NA,0,236
village,1,50,236
castle,1,60,237
cave,2,40,237
coastal_reef,2,30,237
deep_water,NA,0,237
fake_shroud,NA,0,237
flat,1,40,237
forest,2,50,237
frozen,2,20,237
fungus,3,40,237
hills,1,50,237
mountains,2,60,237
sand,2,30,237
shallow_water,3,20,237
swamp,3,30,237
unwalkable,NA,0,237
village,1,50,237
castle,1,60,238
cave,2,40,238
coastal_reef,2,30,238
deep_water,NA,0,238
fake_shroud,NA,0,238
flat,1,40,238
forest,2,50,238
frozen,2,20,238
fungus,3,40,238
hills,1,50,238
mountains,2,60,238
sand,2,30,238
shallow_water,3,20,238
swamp,3,30,238
unwalkable,NA,0,238
village,1,50,238
castle,1,60,239
cave,2,40,239
coastal_reef,2,30,239
deep_water,NA,0,239
fake_shroud,NA,0,239
flat,1,40,239
forest,2,50,239
frozen,2,20,239
fungus,3,40,239
hills,1,50,239
mountains,2,60,239
sand,2,30,239
shallow_water,3,20,239
swamp,3,30,239
unwalkable,NA,0,239
village,1,50,239
castle,1,60,240
cave,2,40,240
coastal_reef,2,30,240
deep_water,NA,0,240
fake_shroud,NA,0,240
flat,1,40,240
forest,2,50,240
frozen,2,20,240
fungus,3,40,240
hills,1,50,240
mountains,2,60,240
sand,2,30,240
shallow_water,3,20,240
swamp,3,30,240
unwalkable,NA,0,240
village,1,60,240
castle,1,60,241
cave,2,40,241
coastal_reef,2,30,241
deep_water,NA,0,241
fake_shroud,NA,0,241
flat,1,40,241
forest,2,50,241
frozen,2,20,241
fungus,3,40,241
hills,1,50,241
mountains,2,60,241
sand,2,30,241
shallow_water,3,20,241
swamp,3,30,241
unwalkable,NA,0,241
village,1,50,241
castle,1,20,242
cave,3,20,242
coastal_reef,2,20,242
deep_water,NA,0,242
fake_shroud,NA,0,242
flat,1,20,242
forest,1,40,242
frozen,2,20,242
fungus,2,30,242
hills,2,30,242
mountains,3,30,242
sand,2,20,242
shallow_water,2,20,242
swamp,2,30,242
unwalkable,NA,0,242
village,1,20,242
castle,1,20,243
cave,3,20,243
coastal_reef,2,20,243
deep_water,NA,0,243
fake_shroud,NA,0,243
flat,1,20,243
forest,1,40,243
frozen,2,20,243
fungus,2,30,243
hills,2,30,243
mountains,3,30,243
sand,2,20,243
shallow_water,2,20,243
swamp,2,30,243
unwalkable,NA,0,243
village,1,20,243
castle,1,20,244
cave,3,20,244
coastal_reef,2,20,244
deep_water,NA,0,244
fake_shroud,NA,0,244
flat,1,20,244
forest,1,40,244
frozen,2,20,244
fungus,2,30,244
hills,2,30,244
mountains,3,30,244
sand,2,20,244
shallow_water,2,20,244
swamp,2,30,244
unwalkable,NA,0,244
village,1,20,244
